label_name,bbox_x,bbox_y,bbox_width,bbox_height,image_name,width,height
adversarial patchs,53.0772,212.361,71.1224,71.1224,crop001072.png,416,416
adversarial patchs,130.4906,204.8524,48.6336,48.6336,crop001072.png,416,416
adversarial patchs,185.7654,225.6722,43.1472,43.1472,crop001072.png,416,416
adversarial patchs,342.5229,205.1267,42.7903,42.7903,crop001072.png,416,416
adversarial patchs,401.01,202.0299,33.9938,33.9938,crop001072.png,416,416
adversarial patchs,373.143,200.5597,37.1216,37.1216,crop001072.png,416,416
adversarial patchs,281.6336,203.1474,43.6388,43.6388,crop001072.png,416,416
adversarial patchs,222.6438,217.1819,44.7005,44.7005,crop001072.png,416,416
adversarial patchs,310.3336,186.2156,35.1442,35.1442,crop001072.png,416,416
adversarial patchs,249.8065,210.7592,44.225,44.225,crop001072.png,416,416
adversarial patchs,284.2303,225.9598,43.6693,43.6693,person_and_bike_132.png,416,416
adversarial patchs,200.9324,235.8837,34.0235,34.0235,person_and_bike_132.png,416,416
adversarial patchs,131.1535,197.2842,20.8609,20.8609,person_and_bike_132.png,416,416
adversarial patchs,339.5212,185.1961,11.3195,11.3195,person_and_bike_132.png,416,416
adversarial patchs,217.7834,237.2943,32.8272,32.8272,person_and_bike_132.png,416,416
adversarial patchs,166.0835,185.4724,9.8713,9.8713,person_and_bike_132.png,416,416
adversarial patchs,301.3281,142.5051,26.1094,26.1094,crop001538.png,416,416
adversarial patchs,27.8717,140.3506,8.4521,8.4521,crop001538.png,416,416
adversarial patchs,171.4643,214.3007,45.4787,45.4787,crop001538.png,416,416
adversarial patchs,387.9593,227.755,63.3439,63.3439,crop001538.png,416,416
adversarial patchs,253.0654,199.6626,40.4471,40.4471,crop001518.png,416,416
adversarial patchs,368.2916,225.8659,65.9797,65.9797,crop001518.png,416,416
adversarial patchs,172.4573,199.6117,34.9731,34.9731,crop001518.png,416,416
adversarial patchs,134.8455,212.0744,32.9997,32.9997,crop001518.png,416,416
adversarial patchs,127.2404,107.8312,18.6244,18.6244,crop001518.png,416,416
adversarial patchs,219.8719,200.8954,36.9352,36.9352,crop001518.png,416,416
adversarial patchs,198.451,194.896,50.7063,50.7063,crop001520.png,416,416
adversarial patchs,126.5183,193.9967,43.1314,43.1314,crop001520.png,416,416
adversarial patchs,221.677,205.4568,14.5214,14.5214,person_395.png,416,416
adversarial patchs,116.5987,195.3517,28.0269,28.0269,person_395.png,416,416
adversarial patchs,239.0035,207.1187,14.0013,14.0013,person_395.png,416,416
adversarial patchs,151.5085,204.3783,26.7749,26.7749,person_395.png,416,416
adversarial patchs,373.8165,172.8415,33.6216,33.6216,crop001242.png,416,416
adversarial patchs,33.7727,169.3759,35.2876,35.2876,crop001242.png,416,416
adversarial patchs,251.9564,211.3839,69.4057,69.4057,crop001242.png,416,416
adversarial patchs,199.9569,195.3681,69.3853,69.3853,crop_000004.png,416,416
adversarial patchs,328.6266,368.2068,37.9434,37.9434,crop001812.png,416,416
adversarial patchs,250.2112,225.8102,40.1867,40.1867,crop001812.png,416,416
adversarial patchs,150.9524,242.802,30.1822,30.1822,crop001812.png,416,416
adversarial patchs,32.0281,215.312,56.3098,56.3098,crop001623.png,416,416
adversarial patchs,150.8966,216.969,52.7541,52.7541,crop001623.png,416,416
adversarial patchs,269.7108,211.3657,56.5439,56.5439,crop001623.png,416,416
adversarial patchs,211.3003,180.8544,40.3328,40.3328,crop001623.png,416,416
adversarial patchs,367.6266,232.768,62.8589,62.8589,crop001623.png,416,416
adversarial patchs,341.7965,142.9514,15.5266,15.5266,crop001623.png,416,416
adversarial patchs,189.3009,207.5471,55.2044,55.2044,person_and_bike_146.png,416,416
adversarial patchs,225.0713,277.4185,32.1291,32.1291,person_and_bike_146.png,416,416
adversarial patchs,275.5964,219.6502,47.6953,47.6953,person_and_bike_153.png,416,416
adversarial patchs,59.9091,185.2773,10.5813,10.5813,person_and_bike_153.png,416,416
adversarial patchs,167.4872,181.4846,8.2513,8.2513,person_and_bike_153.png,416,416
adversarial patchs,277.6114,217.5253,51.3118,51.3118,person_173.png,416,416
adversarial patchs,224.1738,215.8428,48.7175,48.7175,person_173.png,416,416
adversarial patchs,54.8258,150.0235,4.6811,4.6811,person_173.png,416,416
adversarial patchs,365.988,158.0561,4.2323,4.2323,person_173.png,416,416
adversarial patchs,111.491,209.1968,45.2274,45.2274,person_and_bike_120.png,416,416
adversarial patchs,274.2379,216.9272,51.3238,51.3238,person_and_bike_120.png,416,416
adversarial patchs,65.9686,182.1855,22.6961,22.6961,person_and_bike_120.png,416,416
adversarial patchs,197.1359,191.2414,11.7154,11.7154,person_and_bike_120.png,416,416
adversarial patchs,166.853,244.4051,56.3766,56.3766,person_and_bike_029.png,416,416
adversarial patchs,383.5851,156.7055,25.6977,25.6977,person_and_bike_029.png,416,416
adversarial patchs,408.9985,121.4654,8.3524,8.3524,person_and_bike_029.png,416,416
adversarial patchs,135.496,164.9626,25.4298,25.4298,crop001571.png,416,416
adversarial patchs,254.5967,201.143,41.6053,41.6053,crop001571.png,416,416
adversarial patchs,211.7367,176.0606,29.6419,29.6419,crop001571.png,416,416
adversarial patchs,35.9376,141.3236,14.8337,14.8337,crop001571.png,416,416
adversarial patchs,53.5289,132.3917,10.5133,10.5133,crop001571.png,416,416
adversarial patchs,399.545,192.0804,30.7353,30.7353,crop001571.png,416,416
adversarial patchs,190.4722,156.5257,20.4276,20.4276,crop001571.png,416,416
adversarial patchs,314.4088,183.2579,60.3642,60.3642,crop001087.png,416,416
adversarial patchs,97.4165,215.2591,54.9157,54.9157,crop001087.png,416,416
adversarial patchs,195.0764,162.9032,42.1623,42.1623,crop001087.png,416,416
adversarial patchs,35.7626,136.304,21.3379,21.3379,crop001087.png,416,416
adversarial patchs,115.0241,344.3158,32.4331,32.4331,crop001693.png,416,416
adversarial patchs,362.4559,369.4232,24.0731,24.0731,crop001693.png,416,416
adversarial patchs,324.1819,205.1045,32.3787,32.3787,crop001693.png,416,416
adversarial patchs,230.8161,339.8545,34.9715,34.9715,crop001693.png,416,416
adversarial patchs,253.6031,172.414,29.2301,29.2301,crop001693.png,416,416
adversarial patchs,394.5714,236.6964,34.5555,34.5555,crop001693.png,416,416
adversarial patchs,167.4358,230.331,44.9876,44.9876,person_346.png,416,416
adversarial patchs,230.5364,237.1407,43.2384,43.2384,person_346.png,416,416
adversarial patchs,268.7395,243.7603,52.9487,52.9487,crop001107.png,416,416
adversarial patchs,164.4074,202.4784,62.0605,62.0605,crop001107.png,416,416
adversarial patchs,382.6212,244.7675,58.0871,58.0871,crop001107.png,416,416
adversarial patchs,221.0841,181.926,41.9682,41.9682,crop001107.png,416,416
adversarial patchs,31.2775,167.7552,42.9836,42.9836,crop001107.png,416,416
adversarial patchs,26.0744,244.0061,52.4773,52.4773,crop001107.png,416,416
adversarial patchs,336.2228,221.7443,51.3011,51.3011,crop001107.png,416,416
adversarial patchs,93.409,215.7403,47.1855,47.1855,crop001107.png,416,416
adversarial patchs,161.5549,181.1454,59.6461,59.6461,crop001263.png,416,416
adversarial patchs,384.5597,123.7243,29.7129,29.7129,crop001263.png,416,416
adversarial patchs,107.3227,96.5714,18.0762,18.0762,crop001263.png,416,416
adversarial patchs,32.0515,102.2247,28.8137,28.8137,crop001263.png,416,416
adversarial patchs,217.1574,112.6025,25.165,25.165,crop001263.png,416,416
adversarial patchs,161.3012,86.452,11.6081,11.6081,crop001263.png,416,416
adversarial patchs,362.4858,105.3935,18.0668,18.0668,crop001263.png,416,416
adversarial patchs,147.7583,215.3912,43.3387,43.3387,crop001711.png,416,416
adversarial patchs,106.5117,202.3713,29.9535,29.9535,crop001711.png,416,416
adversarial patchs,247.9533,203.2272,35.5201,35.5201,crop001711.png,416,416
adversarial patchs,197.0459,191.1721,25.5038,25.5038,crop001711.png,416,416
adversarial patchs,81.7578,175.6568,24.7991,24.7991,crop001711.png,416,416
adversarial patchs,29.9424,172.7248,21.7488,21.7488,crop001711.png,416,416
adversarial patchs,284.7037,156.9502,11.8772,11.8772,crop001711.png,416,416
adversarial patchs,389.6937,211.3606,39.3368,39.3368,crop001711.png,416,416
adversarial patchs,309.6628,160.8172,12.2221,12.2221,crop001711.png,416,416
adversarial patchs,145.3054,171.3562,37.2702,37.2702,person_128.png,416,416
adversarial patchs,200.2679,166.7158,36.0842,36.0842,person_128.png,416,416
adversarial patchs,375.929,114.5614,18.9496,18.9496,person_128.png,416,416
adversarial patchs,62.2697,121.4633,19.0967,19.0967,person_128.png,416,416
adversarial patchs,257.3318,190.468,32.0849,32.0849,person_128.png,416,416
adversarial patchs,132.58,102.7972,11.1367,11.1367,person_128.png,416,416
adversarial patchs,269.663,201.5623,74.0569,74.0569,person_107.png,416,416
adversarial patchs,111.6457,229.0334,61.0763,61.0763,person_107.png,416,416
adversarial patchs,163.7646,141.1073,8.6806,8.6806,person_107.png,416,416
adversarial patchs,243.9634,165.388,34.455,34.455,person_and_bike_209.png,416,416
adversarial patchs,94.5825,204.3897,37.2276,37.2276,crop001665.png,416,416
adversarial patchs,260.6658,150.1506,9.4955,9.4955,crop001665.png,416,416
adversarial patchs,379.8619,189.8089,9.5796,9.5796,crop001665.png,416,416
adversarial patchs,202.5723,203.443,25.0373,25.0373,person_039.png,416,416
adversarial patchs,283.0515,229.891,49.7406,49.7406,person_062.png,416,416
adversarial patchs,113.6015,197.658,46.5765,46.5765,crop001104.png,416,416
adversarial patchs,186.2638,210.8566,46.1079,46.1079,crop001104.png,416,416
adversarial patchs,264.8872,250.1526,25.9998,25.9998,crop001104.png,416,416
adversarial patchs,395.8643,178.059,22.4463,22.4463,crop001104.png,416,416
adversarial patchs,170.6785,215.9915,49.0889,49.0889,person_070.png,416,416
adversarial patchs,183.5815,106.8514,4.3048,4.3048,person_070.png,416,416
adversarial patchs,141.6187,215.038,30.2833,30.2833,crop001646.png,416,416
adversarial patchs,193.1593,207.4202,30.2515,30.2515,crop001646.png,416,416
adversarial patchs,230.6096,231.7478,30.8976,30.8976,crop001646.png,416,416
adversarial patchs,303.7292,221.3,25.7188,25.7188,crop001646.png,416,416
adversarial patchs,253.6472,223.4626,24.1494,24.1494,crop001646.png,416,416
adversarial patchs,330.2071,225.7767,25.1732,25.1732,crop001646.png,416,416
adversarial patchs,207.6142,208.9464,54.5683,54.5683,person_189.png,416,416
adversarial patchs,257.6527,212.2721,49.2149,49.2149,person_189.png,416,416
adversarial patchs,143.5733,135.7565,8.8819,8.8819,person_189.png,416,416
adversarial patchs,233.4827,143.2531,8.3473,8.3473,person_189.png,416,416
adversarial patchs,220.9719,210.6692,20.2282,20.2282,person_106.png,416,416
adversarial patchs,197.4722,220.4955,59.7537,59.7537,person_065.png,416,416
adversarial patchs,224.9878,251.3682,40.7599,40.7599,person_073.png,416,416
adversarial patchs,400.6093,205.1315,7.7821,7.7821,person_073.png,416,416
adversarial patchs,150.7687,272.688,48.0191,48.0191,crop001694.png,416,416
adversarial patchs,216.7057,52.6428,27.6207,27.6207,crop001694.png,416,416
adversarial patchs,90.4201,336.0457,31.5574,31.5574,crop001694.png,416,416
adversarial patchs,131.869,380.5782,18.9071,18.9071,crop001694.png,416,416
adversarial patchs,272.7367,254.5302,53.0962,53.0962,crop001694.png,416,416
adversarial patchs,227.8201,360.243,23.6506,23.6506,crop001694.png,416,416
adversarial patchs,151.4554,81.2492,20.4142,20.4142,crop001694.png,416,416
adversarial patchs,255.423,36.5249,19.0089,19.0089,crop001694.png,416,416
adversarial patchs,400.9014,83.6888,29.7546,29.7546,crop001694.png,416,416
adversarial patchs,20.4944,219.3637,30.9219,30.9219,crop001694.png,416,416
adversarial patchs,229.4492,196.6425,40.7352,40.7352,crop001694.png,416,416
adversarial patchs,19.9391,328.0447,29.1205,29.1205,crop001694.png,416,416
adversarial patchs,233.7457,215.8288,36.7948,36.7948,person_and_bike_136.png,416,416
adversarial patchs,96.7497,215.6437,34.354,34.354,person_and_bike_136.png,416,416
adversarial patchs,274.0314,208.3024,38.538,38.538,person_and_bike_136.png,416,416
adversarial patchs,156.0273,212.883,32.692,32.692,person_and_bike_136.png,416,416
adversarial patchs,62.246,205.4589,22.1724,22.1724,person_and_bike_136.png,416,416
adversarial patchs,206.8652,182.4744,49.4103,49.4103,crop001506.png,416,416
adversarial patchs,131.5774,196.9062,32.395,32.395,crop001506.png,416,416
adversarial patchs,312.1297,152.2787,27.0431,27.0431,crop001506.png,416,416
adversarial patchs,92.5348,161.7034,35.6452,35.6452,crop001506.png,416,416
adversarial patchs,131.6152,340.736,51.6485,51.6485,crop001506.png,416,416
adversarial patchs,239.2457,208.1361,44.4556,44.4556,person_177.png,416,416
adversarial patchs,39.3738,155.4317,14.7493,14.7493,person_177.png,416,416
adversarial patchs,183.3753,206.824,46.3709,46.3709,person_177.png,416,416
adversarial patchs,356.1846,178.9088,22.9343,22.9343,person_177.png,416,416
adversarial patchs,284.6296,211.8349,44.2848,44.2848,crop001164.png,416,416
adversarial patchs,192.7878,225.3908,45.3613,45.3613,crop001164.png,416,416
adversarial patchs,352.4792,198.8875,41.8393,41.8393,crop001164.png,416,416
adversarial patchs,23.9615,210.3624,45.9578,45.9578,crop001164.png,416,416
adversarial patchs,82.4796,181.8745,29.1357,29.1357,crop001164.png,416,416
adversarial patchs,149.0676,186.4287,24.515,24.515,crop001164.png,416,416
adversarial patchs,230.483,182.8852,23.1649,23.1649,crop001164.png,416,416
adversarial patchs,108.4035,175.2379,18.5015,18.5015,crop001164.png,416,416
adversarial patchs,295.1178,192.1169,67.99,67.99,person_222.png,416,416
adversarial patchs,137.269,199.0014,64.869,64.869,person_222.png,416,416
adversarial patchs,5.9889,113.5515,14.0512,14.0512,person_222.png,416,416
adversarial patchs,360.9486,176.2605,81.6681,81.6681,crop001008.png,416,416
adversarial patchs,19.2753,203.93,17.145,17.145,crop001008.png,416,416
adversarial patchs,140.9941,201.2734,17.0431,17.0431,crop001008.png,416,416
adversarial patchs,224.1963,221.3871,15.7405,15.7405,crop001008.png,416,416
adversarial patchs,92.3688,116.166,9.8166,9.8166,crop001008.png,416,416
adversarial patchs,42.819,114.8324,8.5633,8.5633,crop001008.png,416,416
adversarial patchs,12.6476,108.1636,9.3041,9.3041,crop001008.png,416,416
adversarial patchs,202.5054,170.6125,58.9091,58.9091,crop001216.png,416,416
adversarial patchs,381.9696,283.2661,15.9786,15.9786,crop001216.png,416,416
adversarial patchs,288.0861,167.172,63.5714,63.5714,person_and_bike_072.png,416,416
adversarial patchs,153.1498,186.8613,36.8752,36.8752,crop001653.png,416,416
adversarial patchs,213.9203,208.2333,35.7976,35.7976,crop001539.png,416,416
adversarial patchs,256.948,178.1882,8.7829,8.7829,crop001539.png,416,416
adversarial patchs,183.1577,189.3555,40.9664,40.9664,person_120.png,416,416
adversarial patchs,261.8965,179.7452,39.4753,39.4753,person_120.png,416,416
adversarial patchs,111.4804,186.3431,20.9961,20.9961,crop001655.png,416,416
adversarial patchs,216.6668,200.0723,30.2948,30.2948,crop001655.png,416,416
adversarial patchs,177.186,205.4483,28.3291,28.3291,crop001655.png,416,416
adversarial patchs,45.9723,177.7003,15.3961,15.3961,crop001655.png,416,416
adversarial patchs,16.811,189.3055,26.98,26.98,crop001655.png,416,416
adversarial patchs,293.9209,177.8997,8.8641,8.8641,crop001655.png,416,416
adversarial patchs,52.2059,284.3728,48.0756,48.0756,crop001144.png,416,416
adversarial patchs,263.3138,201.997,35.0036,35.0036,crop001144.png,416,416
adversarial patchs,165.6201,340.4839,29.835,29.835,crop001144.png,416,416
adversarial patchs,309.9252,196.683,36.8683,36.8683,crop001144.png,416,416
adversarial patchs,187.9622,219.4389,29.2437,29.2437,crop001144.png,416,416
adversarial patchs,89.7256,241.4787,34.5853,34.5853,crop001144.png,416,416
adversarial patchs,234.3834,187.9857,37.9354,37.9354,crop001144.png,416,416
adversarial patchs,340.5041,291.159,25.381,25.381,crop001144.png,416,416
adversarial patchs,374.9235,117.2937,18.1458,18.1458,person_and_bike_010.png,416,416
adversarial patchs,213.5314,156.8789,37.4479,37.4479,person_and_bike_010.png,416,416
adversarial patchs,294.3511,182.8965,70.2409,70.2409,crop_000016.png,416,416
adversarial patchs,198.783,191.6548,59.2447,59.2447,crop001211.png,416,416
adversarial patchs,261.136,118.1169,28.0012,28.0012,crop001211.png,416,416
adversarial patchs,13.8377,277.9236,10.5149,10.5149,crop001211.png,416,416
adversarial patchs,177.0235,194.6339,61.02,61.02,person_241.png,416,416
adversarial patchs,263.6902,196.1624,58.8543,58.8543,person_241.png,416,416
adversarial patchs,282.4908,227.1259,37.7254,37.7254,person_191.png,416,416
adversarial patchs,334.8459,221.5121,34.8801,34.8801,person_191.png,416,416
adversarial patchs,234.9372,221.2531,31.3628,31.3628,person_191.png,416,416
adversarial patchs,132.4948,196.2504,22.2527,22.2527,person_191.png,416,416
adversarial patchs,159.1524,194.9396,22.315,22.315,person_191.png,416,416
adversarial patchs,184.652,206.6893,17.5977,17.5977,person_191.png,416,416
adversarial patchs,267.5339,168.3369,10.3032,10.3032,person_191.png,416,416
adversarial patchs,197.3372,193.25,28.5748,28.5748,crop001625.png,416,416
adversarial patchs,102.1352,191.5989,49.3428,49.3428,crop001064.png,416,416
adversarial patchs,238.1845,196.6568,51.6081,51.6081,crop001064.png,416,416
adversarial patchs,309.5261,196.4284,55.0445,55.0445,crop001064.png,416,416
adversarial patchs,169.5782,213.1945,45.3284,45.3284,crop001064.png,416,416
adversarial patchs,50.8377,163.4749,25.767,25.767,crop001064.png,416,416
adversarial patchs,396.7119,197.0729,34.1024,34.1024,crop001064.png,416,416
adversarial patchs,84.0417,208.5688,47.6715,47.6715,crop001698.png,416,416
adversarial patchs,163.8876,192.4854,41.7622,41.7622,crop001698.png,416,416
adversarial patchs,255.0348,195.0344,40.7813,40.7813,crop001698.png,416,416
adversarial patchs,30.3323,231.7968,50.738,50.738,crop001698.png,416,416
adversarial patchs,237.8953,164.677,67.9176,67.9176,person_and_bike_082.png,416,416
adversarial patchs,198.0432,212.1909,69.6517,69.6517,person_and_bike_189.png,416,416
adversarial patchs,103.9586,96.2281,8.2901,8.2901,person_and_bike_189.png,416,416
adversarial patchs,347.3045,98.4213,8.6448,8.6448,person_and_bike_189.png,416,416
adversarial patchs,125.3762,217.3392,34.3834,34.3834,crop001666.png,416,416
adversarial patchs,234.536,220.5154,33.3356,33.3356,crop001666.png,416,416
adversarial patchs,28.4301,198.5135,13.5423,13.5423,crop001666.png,416,416
adversarial patchs,338.7381,202.4959,11.9529,11.9529,crop001666.png,416,416
adversarial patchs,249.3628,179.8109,54.6398,54.6398,person_105.png,416,416
adversarial patchs,148.8037,176.555,53.1537,53.1537,person_105.png,416,416
adversarial patchs,182.2632,176.7286,41.6989,41.6989,crop001696.png,416,416
adversarial patchs,366.6106,198.4076,56.8861,56.8861,crop001696.png,416,416
adversarial patchs,139.2876,179.5438,36.6324,36.6324,crop001696.png,416,416
adversarial patchs,44.3718,106.0559,12.9436,12.9436,crop001696.png,416,416
adversarial patchs,293.3492,192.1801,43.1759,43.1759,crop001696.png,416,416
adversarial patchs,104.6493,177.271,34.1653,34.1653,crop001696.png,416,416
adversarial patchs,399.6841,208.7086,52.1342,52.1342,crop001696.png,416,416
adversarial patchs,188.3435,132.3195,72.4032,72.4032,person_and_bike_108.png,416,416
adversarial patchs,82.5928,218.6846,40.2843,40.2843,crop001619.png,416,416
adversarial patchs,153.5693,177.217,24.6739,24.6739,crop001619.png,416,416
adversarial patchs,312.4258,177.8111,20.1874,20.1874,crop001619.png,416,416
adversarial patchs,187.4135,263.5299,37.2469,37.2469,crop001619.png,416,416
adversarial patchs,247.1503,168.6616,19.1524,19.1524,crop001619.png,416,416
adversarial patchs,219.9926,217.0114,22.3032,22.3032,person_168.png,416,416
adversarial patchs,174.8055,223.4978,20.6435,20.6435,person_168.png,416,416
adversarial patchs,229.6068,172.6249,60.8798,60.8798,person_126.png,416,416
adversarial patchs,129.0321,138.317,21.0801,21.0801,person_126.png,416,416
adversarial patchs,78.9265,147.0173,18.621,18.621,person_126.png,416,416
adversarial patchs,77.4832,226.8302,49.3386,49.3386,crop001102.png,416,416
adversarial patchs,181.1737,180.2083,32.2373,32.2373,crop001102.png,416,416
adversarial patchs,220.4892,185.4453,30.8232,30.8232,crop001102.png,416,416
adversarial patchs,349.2568,187.9367,80.5578,80.5578,crop001102.png,416,416
adversarial patchs,116.7145,170.8993,26.48,26.48,crop001102.png,416,416
adversarial patchs,284.6798,181.8041,33.1105,33.1105,crop001102.png,416,416
adversarial patchs,254.7892,179.9883,29.2028,29.2028,crop001102.png,416,416
adversarial patchs,150.0826,177.3227,26.2601,26.2601,crop001102.png,416,416
adversarial patchs,244.3233,174.9637,39.622,39.622,person_and_bike_015.png,416,416
adversarial patchs,404.2537,155.2326,18.5743,18.5743,person_and_bike_015.png,416,416
adversarial patchs,212.9076,206.7313,73.9813,73.9813,crop001154.png,416,416
adversarial patchs,201.7799,202.0688,71.4001,71.4001,crop001155.png,416,416
adversarial patchs,204.7735,220.0146,46.165,46.165,crop001604.png,416,416
adversarial patchs,220.8717,211.954,54.6475,54.6475,person_053.png,416,416
adversarial patchs,355.0927,207.634,72.5515,72.5515,crop001054.png,416,416
adversarial patchs,228.2727,186.7015,38.5931,38.5931,crop001054.png,416,416
adversarial patchs,156.2458,163.1917,14.364,14.364,crop001054.png,416,416
adversarial patchs,124.6186,153.2816,9.3902,9.3902,crop001054.png,416,416
adversarial patchs,246.6008,163.3448,25.2237,25.2237,crop001054.png,416,416
adversarial patchs,228.8396,159.5975,33.4943,33.4943,person_and_bike_207.png,416,416
adversarial patchs,202.9314,202.7048,41.4118,41.4118,crop001552.png,416,416
adversarial patchs,324.1344,196.4333,45.1446,45.1446,crop001552.png,416,416
adversarial patchs,30.7066,310.3019,37.3123,37.3123,crop001552.png,416,416
adversarial patchs,267.9229,201.807,42.5854,42.5854,crop001552.png,416,416
adversarial patchs,60.9135,179.9134,40.0063,40.0063,crop001552.png,416,416
adversarial patchs,115.4231,205.6248,38.9455,38.9455,crop001552.png,416,416
adversarial patchs,368.5899,68.0367,21.6259,21.6259,crop001552.png,416,416
adversarial patchs,193.4672,182.7061,49.3657,49.3657,crop001230.png,416,416
adversarial patchs,350.0691,284.0606,42.5386,42.5386,crop001230.png,416,416
adversarial patchs,312.1439,173.8703,33.1296,33.1296,crop001230.png,416,416
adversarial patchs,232.7606,207.5686,66.2536,66.2536,person_304.png,416,416
adversarial patchs,71.7608,148.4349,45.613,45.613,person_304.png,416,416
adversarial patchs,25.784,188.1812,58.9196,58.9196,person_304.png,416,416
adversarial patchs,108.1549,140.1795,39.3427,39.3427,person_304.png,416,416
adversarial patchs,302.7902,141.3379,47.9737,47.9737,person_304.png,416,416
adversarial patchs,195.6146,131.5524,27.876,27.876,person_304.png,416,416
adversarial patchs,235.8717,195.3642,51.5871,51.5871,crop001275.png,416,416
adversarial patchs,56.3587,165.1943,64.0907,64.0907,crop001275.png,416,416
adversarial patchs,174.6934,185.9178,52.1308,52.1308,crop001566.png,416,416
adversarial patchs,286.863,256.8981,26.9847,26.9847,crop001566.png,416,416
adversarial patchs,218.6484,167.8056,55.9296,55.9296,person_and_bike_044.png,416,416
adversarial patchs,135.1827,219.3796,50.4945,50.4945,person_and_bike_035.png,416,416
adversarial patchs,200.721,213.4227,49.1617,49.1617,person_and_bike_035.png,416,416
adversarial patchs,330.8575,232.694,64.1621,64.1621,person_274.png,416,416
adversarial patchs,213.1822,207.8998,38.9975,38.9975,person_274.png,416,416
adversarial patchs,266.0121,148.9807,14.3768,14.3768,person_274.png,416,416
adversarial patchs,246.2514,153.9103,12.3041,12.3041,person_274.png,416,416
adversarial patchs,230.9876,157.9182,13.913,13.913,person_274.png,416,416
adversarial patchs,124.317,95.0911,15.507,15.507,person_121.png,416,416
adversarial patchs,142.9729,101.6368,14.5887,14.5887,person_121.png,416,416
adversarial patchs,220.0147,176.9432,49.2453,49.2453,person_121.png,416,416
adversarial patchs,212.9307,83.1695,6.304,6.304,person_121.png,416,416
adversarial patchs,407.5883,76.1795,7.3531,7.3531,person_121.png,416,416
adversarial patchs,193.6959,200.5601,36.748,36.748,crop001016.png,416,416
adversarial patchs,195.9986,133.6733,23.6352,23.6352,crop001016.png,416,416
adversarial patchs,178.6506,187.6752,50.3743,50.3743,crop001260.png,416,416
adversarial patchs,53.1823,133.1585,22.5752,22.5752,crop001260.png,416,416
adversarial patchs,222.9292,178.7362,45.5849,45.5849,crop001260.png,416,416
adversarial patchs,85.8486,137.2519,18.2014,18.2014,crop001260.png,416,416
adversarial patchs,238.0883,206.8292,29.0489,29.0489,person_259.png,416,416
adversarial patchs,193.1548,208.2294,27.8891,27.8891,person_259.png,416,416
adversarial patchs,132.0192,210.6335,27.0501,27.0501,person_259.png,416,416
adversarial patchs,165.774,212.0969,26.5841,26.5841,person_259.png,416,416
adversarial patchs,178.1987,151.775,5.8404,5.8404,person_259.png,416,416
adversarial patchs,136.1527,151.557,7.3455,7.3455,person_259.png,416,416
adversarial patchs,189.1899,215.8171,42.7512,42.7512,person_164.png,416,416
adversarial patchs,147.4537,157.4058,55.483,55.483,crop001687.png,416,416
adversarial patchs,193.7613,85.4023,19.0344,19.0344,crop001687.png,416,416
adversarial patchs,109.0655,167.6196,14.0054,14.0054,crop001547.png,416,416
adversarial patchs,45.5702,368.977,16.5062,16.5062,crop001547.png,416,416
adversarial patchs,181.4602,238.4584,13.8424,13.8424,crop001547.png,416,416
adversarial patchs,50.9743,205.634,14.2785,14.2785,crop001547.png,416,416
adversarial patchs,206.5216,168.0781,11.4394,11.4394,crop001547.png,416,416
adversarial patchs,214.3853,249.0666,13.5115,13.5115,crop001547.png,416,416
adversarial patchs,212.7856,187.5502,70.2201,70.2201,person_095.png,416,416
adversarial patchs,324.4515,127.6795,25.7194,25.7194,person_095.png,416,416
adversarial patchs,258.4393,115.4818,19.0418,19.0418,person_095.png,416,416
adversarial patchs,195.4634,189.612,55.2804,55.2804,crop001510.png,416,416
adversarial patchs,35.0199,221.1265,32.1469,32.1469,crop001510.png,416,416
adversarial patchs,370.1008,245.2342,43.0623,43.0623,crop001510.png,416,416
adversarial patchs,318.3625,243.7409,37.0734,37.0734,crop001510.png,416,416
adversarial patchs,229.2566,186.2977,77.1038,77.1038,person_and_bike_081.png,416,416
adversarial patchs,207.4819,226.5237,25.1665,25.1665,crop001815.png,416,416
adversarial patchs,255.8424,207.1003,28.5533,28.5533,crop001815.png,416,416
adversarial patchs,83.8718,222.193,15.7883,15.7883,crop001815.png,416,416
adversarial patchs,187.749,244.7267,40.5314,40.5314,person_156.png,416,416
adversarial patchs,230.3282,64.4053,30.1041,30.1041,person_156.png,416,416
adversarial patchs,250.4416,242.7945,36.8668,36.8668,person_156.png,416,416
adversarial patchs,254.3293,213.5032,36.2184,36.2184,crop001267.png,416,416
adversarial patchs,360.1054,222.3985,32.9366,32.9366,crop001267.png,416,416
adversarial patchs,139.7314,208.583,37.9775,37.9775,crop001267.png,416,416
adversarial patchs,93.161,215.2167,29.7554,29.7554,crop001267.png,416,416
adversarial patchs,330.3378,199.4407,25.5669,25.5669,crop001267.png,416,416
adversarial patchs,170.0589,202.3102,26.457,26.457,crop001267.png,416,416
adversarial patchs,202.7931,170.7523,73.5926,73.5926,person_and_bike_107.png,416,416
adversarial patchs,119.4405,181.9139,86.2669,86.2669,person_114.png,416,416
adversarial patchs,293.745,198.0542,79.1738,79.1738,person_114.png,416,416
adversarial patchs,114.973,182.7809,39.1389,39.1389,crop001634.png,416,416
adversarial patchs,214.0954,199.2311,39.9373,39.9373,person_012.png,416,416
adversarial patchs,165.4097,177.6271,42.4454,42.4454,crop001683.png,416,416
adversarial patchs,126.3501,193.2381,41.2332,41.2332,crop001683.png,416,416
adversarial patchs,201.3287,191.4014,63.9886,63.9886,person_088.png,416,416
adversarial patchs,329.4457,137.568,27.105,27.105,person_088.png,416,416
adversarial patchs,294.6053,136.793,26.3961,26.3961,person_088.png,416,416
adversarial patchs,373.8882,138.6914,26.3342,26.3342,person_088.png,416,416
adversarial patchs,263.5311,120.2094,17.7485,17.7485,person_088.png,416,416
adversarial patchs,278.2706,182.9116,66.8691,66.8691,crop001640.png,416,416
adversarial patchs,126.153,226.3995,37.301,37.301,crop001710.png,416,416
adversarial patchs,263.5601,187.8528,16.0885,16.0885,crop001710.png,416,416
adversarial patchs,168.1996,209.4651,27.5242,27.5242,crop001710.png,416,416
adversarial patchs,319.4784,195.6692,12.0511,12.0511,crop001710.png,416,416
adversarial patchs,216.9099,187.2929,13.2618,13.2618,crop001710.png,416,416
adversarial patchs,92.123,173.9808,15.2457,15.2457,crop001710.png,416,416
adversarial patchs,238.3931,214.3098,44.2176,44.2176,crop001270.png,416,416
adversarial patchs,167.4028,165.1578,35.0875,35.0875,crop001270.png,416,416
adversarial patchs,10.6697,199.7694,31.3008,31.3008,crop001270.png,416,416
adversarial patchs,206.1049,156.7298,28.749,28.749,crop001270.png,416,416
adversarial patchs,26.143,270.4786,49.5855,49.5855,crop001096.png,416,416
adversarial patchs,110.9523,168.8823,18.9652,18.9652,crop001096.png,416,416
adversarial patchs,364.6862,247.7782,59.6924,59.6924,crop001096.png,416,416
adversarial patchs,206.8824,195.0226,42.7633,42.7633,crop001096.png,416,416
adversarial patchs,69.0625,229.147,31.1088,31.1088,crop001537.png,416,416
adversarial patchs,21.2125,245.7342,37.8936,37.8936,crop001537.png,416,416
adversarial patchs,271.392,210.0899,21.6123,21.6123,crop001537.png,416,416
adversarial patchs,147.1016,214.4689,23.1075,23.1075,crop001537.png,416,416
adversarial patchs,323.4169,202.7728,15.8108,15.8108,crop001537.png,416,416
adversarial patchs,153.9384,188.0241,52.2595,52.2595,person_196.png,416,416
adversarial patchs,249.7329,180.0866,55.639,55.639,person_196.png,416,416
adversarial patchs,331.3595,127.3365,16.1605,16.1605,person_196.png,416,416
adversarial patchs,68.221,122.9504,19.5992,19.5992,person_196.png,416,416
adversarial patchs,90.1326,125.2868,19.0356,19.0356,person_196.png,416,416
adversarial patchs,294.3865,125.5683,18.6716,18.6716,person_196.png,416,416
adversarial patchs,312.3762,125.218,16.864,16.864,person_196.png,416,416
adversarial patchs,117.0067,131.1697,16.3131,16.3131,person_196.png,416,416
adversarial patchs,219.9895,83.2315,14.5891,14.5891,crop001548.png,416,416
adversarial patchs,182.8955,211.1503,25.5789,25.5789,crop001548.png,416,416
adversarial patchs,42.3912,133.7048,16.9204,16.9204,crop001548.png,416,416
adversarial patchs,327.5102,109.5788,13.5722,13.5722,crop001548.png,416,416
adversarial patchs,251.2417,167.2135,23.2435,23.2435,crop001709.png,416,416
adversarial patchs,88.024,144.8713,23.2165,23.2165,crop001709.png,416,416
adversarial patchs,221.8351,194.445,35.3517,35.3517,crop001057.png,416,416
adversarial patchs,17.3721,175.0183,11.0962,11.0962,crop001057.png,416,416
adversarial patchs,180.6637,200.4498,27.7351,27.7351,crop001057.png,416,416
adversarial patchs,213.2032,190.6721,45.4097,45.4097,crop001009.png,416,416
adversarial patchs,50.4905,220.6681,60.7482,60.7482,crop001131.png,416,416
adversarial patchs,212.1039,197.2728,57.7877,57.7877,crop001131.png,416,416
adversarial patchs,377.3465,216.4505,46.8306,46.8306,crop001131.png,416,416
adversarial patchs,271.5541,172.2221,35.0373,35.0373,crop001131.png,416,416
adversarial patchs,141.0612,160.6747,28.0272,28.0272,crop001131.png,416,416
adversarial patchs,328.2018,309.3641,49.3392,49.3392,crop001153.png,416,416
adversarial patchs,233.0931,221.3657,23.3091,23.3091,crop001153.png,416,416
adversarial patchs,148.2435,207.5149,51.0731,51.0731,person_169.png,416,416
adversarial patchs,219.2978,209.9828,49.4504,49.4504,person_169.png,416,416
adversarial patchs,214.0346,238.7334,59.4446,59.4446,person_055.png,416,416
adversarial patchs,114.5966,215.1985,64.3831,64.3831,crop001011.png,416,416
adversarial patchs,306.531,201.5441,72.6495,72.6495,crop001011.png,416,416
adversarial patchs,231.6729,209.7018,67.3276,67.3276,crop001011.png,416,416
adversarial patchs,180.7319,243.0121,43.9569,43.9569,crop001011.png,416,416
adversarial patchs,132.7149,175.2486,36.1717,36.1717,crop001661.png,416,416
adversarial patchs,162.4809,175.615,33.991,33.991,crop001661.png,416,416
adversarial patchs,26.5997,217.828,6.6693,6.6693,crop001661.png,416,416
adversarial patchs,164.1734,186.1066,30.8451,30.8451,crop001724.png,416,416
adversarial patchs,110.0587,80.9032,11.8581,11.8581,crop001724.png,416,416
adversarial patchs,73.3464,212.2594,45.9128,45.9128,crop001724.png,416,416
adversarial patchs,41.9676,230.7967,63.4322,63.4322,crop001724.png,416,416
adversarial patchs,93.4793,79.2658,11.1368,11.1368,crop001724.png,416,416
adversarial patchs,215.0672,197.7273,47.0759,47.0759,crop001012.png,416,416
adversarial patchs,218.4318,245.2469,50.1746,50.1746,crop001048.png,416,416
adversarial patchs,201.9872,42.8597,23.5683,23.5683,crop001048.png,416,416
adversarial patchs,68.785,132.2837,24.8884,24.8884,crop001048.png,416,416
adversarial patchs,364.4584,61.0273,33.329,33.329,crop001048.png,416,416
adversarial patchs,40.2924,212.3794,41.9801,41.9801,crop001048.png,416,416
adversarial patchs,115.6738,79.5224,21.027,21.027,crop001048.png,416,416
adversarial patchs,351.812,245.6591,40.8915,40.8915,crop001608.png,416,416
adversarial patchs,48.5967,224.8605,33.5202,33.5202,crop001608.png,416,416
adversarial patchs,270.5791,202.1939,75.3085,75.3085,crop001088.png,416,416
adversarial patchs,150.2916,189.1671,57.0151,57.0151,crop001088.png,416,416
adversarial patchs,389.8,161.868,19.6872,19.6872,crop001088.png,416,416
adversarial patchs,71.5221,172.9787,30.727,30.727,crop001088.png,416,416
adversarial patchs,226.0112,220.5012,31.0069,31.0069,crop001830.png,416,416
adversarial patchs,201.4063,166.3273,64.7458,64.7458,crop001250.png,416,416
adversarial patchs,12.1348,139.2205,30.6073,30.6073,crop001250.png,416,416
adversarial patchs,247.4427,193.807,49.6403,49.6403,crop001124.png,416,416
adversarial patchs,122.9829,178.3676,43.5886,43.5886,crop001124.png,416,416
adversarial patchs,67.8104,179.8343,43.7692,43.7692,crop001124.png,416,416
adversarial patchs,348.9406,205.5918,41.3305,41.3305,crop001124.png,416,416
adversarial patchs,370.6027,203.719,36.2526,36.2526,crop001125.png,416,416
adversarial patchs,328.4447,216.1702,28.7677,28.7677,crop001125.png,416,416
adversarial patchs,142.0565,222.8497,42.0118,42.0118,crop001125.png,416,416
adversarial patchs,253.2572,215.0475,43.0118,43.0118,crop001125.png,416,416
adversarial patchs,177.8788,183.8621,67.6127,67.6127,person_223.png,416,416
adversarial patchs,271.7141,175.5686,62.0063,62.0063,person_223.png,416,416
adversarial patchs,215.6289,117.664,31.4291,31.4291,person_223.png,416,416
adversarial patchs,296.6996,64.2772,13.0522,13.0522,person_223.png,416,416
adversarial patchs,206.1092,106.3814,46.081,46.081,person_and_bike_092.png,416,416
adversarial patchs,372.4406,238.4923,56.8641,56.8641,crop001508.png,416,416
adversarial patchs,239.111,195.8558,43.9414,43.9414,crop001508.png,416,416
adversarial patchs,36.32,236.6174,58.8441,58.8441,crop001508.png,416,416
adversarial patchs,278.5372,188.2643,38.4866,38.4866,crop001508.png,416,416
adversarial patchs,85.8746,232.0502,25.6635,25.6635,crop001508.png,416,416
adversarial patchs,176.4438,197.8787,39.6883,39.6883,crop001508.png,416,416
adversarial patchs,214.0073,195.2835,30.9556,30.9556,crop001069.png,416,416
adversarial patchs,143.1461,170.1817,24.5367,24.5367,crop001069.png,416,416
adversarial patchs,210.5771,299.0138,18.1375,18.1375,crop001069.png,416,416
adversarial patchs,298.6606,184.0383,29.67,29.67,crop001605.png,416,416
adversarial patchs,163.8717,248.4793,47.3509,47.3509,person_and_bike_149.png,416,416
adversarial patchs,135.1536,155.422,20.0347,20.0347,person_and_bike_149.png,416,416
adversarial patchs,286.7665,236.8153,42.0441,42.0441,person_207.png,416,416
adversarial patchs,136.5733,199.4354,24.5461,24.5461,person_207.png,416,416
adversarial patchs,211.2766,204.5497,29.1019,29.1019,person_207.png,416,416
adversarial patchs,113.0955,195.4313,18.8292,18.8292,person_207.png,416,416
adversarial patchs,178.5163,202.4162,19.2066,19.2066,person_207.png,416,416
adversarial patchs,390.3362,174.8538,15.3243,15.3243,person_207.png,416,416
adversarial patchs,216.513,177.7495,59.1975,59.1975,crop001070.png,416,416
adversarial patchs,305.338,138.5439,25.9507,25.9507,crop001070.png,416,416
adversarial patchs,349.6003,149.8749,23.1866,23.1866,crop001070.png,416,416
adversarial patchs,400.6025,141.8932,22.5781,22.5781,crop001070.png,416,416
adversarial patchs,380.442,146.6635,22.3356,22.3356,crop001070.png,416,416
adversarial patchs,266.1972,140.9415,21.0444,21.0444,crop001070.png,416,416
adversarial patchs,168.9356,197.1295,61.955,61.955,crop001043.png,416,416
adversarial patchs,90.6201,152.8251,43.2184,43.2184,person_204.png,416,416
adversarial patchs,387.8691,207.7935,46.9444,46.9444,person_204.png,416,416
adversarial patchs,253.8878,196.2844,55.3426,55.3426,person_204.png,416,416
adversarial patchs,347.8765,149.0664,32.7589,32.7589,person_204.png,416,416
adversarial patchs,181.0772,219.6157,42.7358,42.7358,person_204.png,416,416
adversarial patchs,304.0651,130.407,19.9429,19.9429,person_204.png,416,416
adversarial patchs,198.0855,121.2307,19.4363,19.4363,person_204.png,416,416
adversarial patchs,278.2823,114.9913,13.0081,13.0081,person_204.png,416,416
adversarial patchs,171.977,209.1066,42.6449,42.6449,person_255.png,416,416
adversarial patchs,288.3752,216.412,39.6118,39.6118,person_255.png,416,416
adversarial patchs,355.1415,224.6854,63.892,63.892,person_and_bike_038.png,416,416
adversarial patchs,222.5196,177.977,35.0925,35.0925,person_and_bike_038.png,416,416
adversarial patchs,43.366,157.148,10.2784,10.2784,person_and_bike_038.png,416,416
adversarial patchs,72.7315,161.2704,24.6154,24.6154,person_and_bike_038.png,416,416
adversarial patchs,190.9715,160.4027,26.7274,26.7274,person_and_bike_038.png,416,416
adversarial patchs,222.2094,174.5006,66.9916,66.9916,person_096.png,416,416
adversarial patchs,355.0356,85.0612,31.1714,31.1714,person_096.png,416,416
adversarial patchs,313.6636,93.4431,25.2801,25.2801,person_096.png,416,416
adversarial patchs,395.7318,97.2051,27.9785,27.9785,person_096.png,416,416
adversarial patchs,185.7359,183.7412,40.1309,40.1309,crop001715.png,416,416
adversarial patchs,154.1417,189.2856,36.504,36.504,crop001715.png,416,416
adversarial patchs,145.9339,224.7792,50.3355,50.3355,crop_000606.png,416,416
adversarial patchs,231.5542,187.174,40.275,40.275,crop_000606.png,416,416
adversarial patchs,288.4158,174.8481,27.6182,27.6182,crop_000606.png,416,416
adversarial patchs,191.5101,205.2854,47.2732,47.2732,crop_000606.png,416,416
adversarial patchs,164.1813,159.0089,63.3551,63.3551,crop_000021.png,416,416
adversarial patchs,197.1651,191.1395,44.3632,44.3632,person_141.png,416,416
adversarial patchs,87.3763,132.1686,13.0585,13.0585,person_141.png,416,416
adversarial patchs,169.633,208.2045,37.9798,37.9798,person_100.png,416,416
adversarial patchs,311.09,209.9392,34.2951,34.2951,person_100.png,416,416
adversarial patchs,323.5976,229.479,71.8635,71.8635,crop001136.png,416,416
adversarial patchs,173.9474,185.7772,21.2063,21.2063,crop001136.png,416,416
adversarial patchs,194.02,186.8869,21.7313,21.7313,crop001136.png,416,416
adversarial patchs,321.0268,157.3883,11.7675,11.7675,crop001136.png,416,416
adversarial patchs,227.9689,189.4889,18.4969,18.4969,crop001136.png,416,416
adversarial patchs,242.186,190.1127,18.3273,18.3273,crop001136.png,416,416
adversarial patchs,159.1838,172.4215,70.0449,70.0449,person_and_bike_163.png,416,416
adversarial patchs,226.779,188.3963,66.7213,66.7213,person_056.png,416,416
adversarial patchs,265.7203,351.203,33.3708,33.3708,crop001095.png,416,416
adversarial patchs,244.0644,180.5459,48.9091,48.9091,crop001095.png,416,416
adversarial patchs,153.8637,190.6126,66.7192,66.7192,crop001095.png,416,416
adversarial patchs,370.3193,134.749,22.4083,22.4083,crop001095.png,416,416
adversarial patchs,191.5622,142.7173,24.6796,24.6796,crop001095.png,416,416
adversarial patchs,48.2499,173.6268,81.1459,81.1459,crop001095.png,416,416
adversarial patchs,328.4698,121.8478,8.7371,8.7371,crop001095.png,416,416
adversarial patchs,398.2539,217.9301,10.9955,10.9955,crop001095.png,416,416
adversarial patchs,365.3224,216.1027,68.2491,68.2491,crop001028.png,416,416
adversarial patchs,192.686,223.9015,59.1824,59.1824,crop001028.png,416,416
adversarial patchs,158.0193,232.9189,69.1563,69.1563,crop001073.png,416,416
adversarial patchs,297.523,154.9925,27.4874,27.4874,crop001073.png,416,416
adversarial patchs,56.3681,228.365,66.2945,66.2945,crop001073.png,416,416
adversarial patchs,344.2769,158.2342,30.3086,30.3086,crop001073.png,416,416
adversarial patchs,393.3557,185.5995,27.0456,27.0456,crop001073.png,416,416
adversarial patchs,260.3846,196.49,60.0276,60.0276,person_238.png,416,416
adversarial patchs,157.3107,203.6913,52.0255,52.0255,person_238.png,416,416
adversarial patchs,200.9692,106.5203,12.1423,12.1423,person_238.png,416,416
adversarial patchs,63.1291,112.0658,15.8787,15.8787,person_238.png,416,416
adversarial patchs,277.5105,125.0369,52.6688,52.6688,person_and_bike_077.png,416,416
adversarial patchs,322.5893,146.7151,17.8494,17.8494,person_320.png,416,416
adversarial patchs,200.8842,215.4299,54.3837,54.3837,person_320.png,416,416
adversarial patchs,257.9732,237.578,58.8099,58.8099,person_320.png,416,416
adversarial patchs,81.6074,143.5256,8.4668,8.4668,person_320.png,416,416
adversarial patchs,411.1476,122.4103,6.5612,6.5612,person_320.png,416,416
adversarial patchs,71.6113,143.4672,8.4338,8.4338,person_320.png,416,416
adversarial patchs,325.433,163.7072,27.6718,27.6718,person_303.png,416,416
adversarial patchs,273.6328,220.8704,54.0227,54.0227,person_303.png,416,416
adversarial patchs,195.6072,242.6074,58.8813,58.8813,person_303.png,416,416
adversarial patchs,122.7988,212.6532,43.8743,43.8743,person_303.png,416,416
adversarial patchs,153.6244,187.7996,40.6711,40.6711,person_303.png,416,416
adversarial patchs,91.463,182.5191,36.2408,36.2408,person_303.png,416,416
adversarial patchs,78.0545,230.8536,63.8251,63.8251,crop001134.png,416,416
adversarial patchs,294.1036,258.3405,56.2653,56.2653,crop001134.png,416,416
adversarial patchs,369.8641,232.3389,63.4156,63.4156,crop001134.png,416,416
adversarial patchs,132.0541,186.5355,40.709,40.709,crop001134.png,416,416
adversarial patchs,275.0969,157.0839,19.1391,19.1391,crop001134.png,416,416
adversarial patchs,210.7184,198.1116,44.701,44.701,crop001134.png,416,416
adversarial patchs,153.718,204.0442,45.8002,45.8002,crop001534.png,416,416
adversarial patchs,358.6643,150.9119,17.6705,17.6705,crop001534.png,416,416
adversarial patchs,193.7411,147.4485,18.0248,18.0248,crop001534.png,416,416
adversarial patchs,267.8967,150.5093,20.4874,20.4874,crop001534.png,416,416
adversarial patchs,210.9916,195.5826,45.494,45.494,person_091.png,416,416
adversarial patchs,34.9452,148.0691,13.7885,13.7885,person_091.png,416,416
adversarial patchs,401.5994,178.6416,33.6074,33.6074,person_091.png,416,416
adversarial patchs,117.5538,148.6915,14.4972,14.4972,person_091.png,416,416
adversarial patchs,333.4348,163.2173,21.0498,21.0498,person_091.png,416,416
adversarial patchs,268.8848,184.6776,49.6279,49.6279,person_336.png,416,416
adversarial patchs,218.0045,194.9588,45.0246,45.0246,person_336.png,416,416
adversarial patchs,59.428,140.3857,12.6711,12.6711,person_336.png,416,416
adversarial patchs,89.4376,145.4238,15.302,15.302,person_336.png,416,416
adversarial patchs,115.6341,138.648,10.102,10.102,person_336.png,416,416
adversarial patchs,39.3262,137.836,10.2805,10.2805,person_336.png,416,416
adversarial patchs,299.9146,224.0936,58.0718,58.0718,person_214.png,416,416
adversarial patchs,151.3515,215.5918,53.4313,53.4313,person_214.png,416,416
adversarial patchs,195.7407,225.5787,45.2089,45.2089,person_280.png,416,416
adversarial patchs,241.8773,195.0733,32.7339,32.7339,person_280.png,416,416
adversarial patchs,340.3716,183.5796,26.2604,26.2604,person_280.png,416,416
adversarial patchs,314.7901,189.3613,24.6049,24.6049,person_280.png,416,416
adversarial patchs,403.7515,142.0272,9.8346,9.8346,person_280.png,416,416
adversarial patchs,366.0782,198.8449,74.5028,74.5028,crop001232.png,416,416
adversarial patchs,221.7061,197.4634,70.7122,70.7122,crop001232.png,416,416
adversarial patchs,18.3217,177.0299,23.1923,23.1923,crop001232.png,416,416
adversarial patchs,168.8363,135.1324,33.8117,33.8117,crop001232.png,416,416
adversarial patchs,333.9366,150.5076,27.9197,27.9197,person_and_bike_033.png,416,416
adversarial patchs,213.4349,202.2695,51.4945,51.4945,crop001086.png,416,416
adversarial patchs,310.5516,211.5915,59.0289,59.0289,crop001086.png,416,416
adversarial patchs,130.839,179.9069,35.207,35.207,crop001086.png,416,416
adversarial patchs,19.223,212.6974,44.3985,44.3985,crop001086.png,416,416
adversarial patchs,71.658,181.6191,46.2103,46.2103,crop001086.png,416,416
adversarial patchs,141.7989,188.4613,32.7396,32.7396,person_281.png,416,416
adversarial patchs,208.594,212.6815,46.6837,46.6837,person_281.png,416,416
adversarial patchs,245.3613,216.1033,45.1478,45.1478,person_210.png,416,416
adversarial patchs,189.2356,222.5061,43.8875,43.8875,person_210.png,416,416
adversarial patchs,323.2624,154.1492,16.7267,16.7267,person_210.png,416,416
adversarial patchs,267.9364,231.1607,34.4462,34.4462,person_254.png,416,416
adversarial patchs,161.749,192.0555,49.6256,49.6256,person_254.png,416,416
adversarial patchs,205.6427,199.4764,45.196,45.196,person_254.png,416,416
adversarial patchs,199.9277,186.4731,64.3307,64.3307,crop001253.png,416,416
adversarial patchs,128.2224,136.0244,29.8612,29.8612,crop001253.png,416,416
adversarial patchs,19.3869,164.7678,54.4313,54.4313,crop001253.png,416,416
adversarial patchs,396.2489,162.8247,26.6821,26.6821,crop001253.png,416,416
adversarial patchs,228.8553,196.2,32.0359,32.0359,crop001606.png,416,416
adversarial patchs,45.8116,110.5625,16.2303,16.2303,crop001606.png,416,416
adversarial patchs,217.2298,166.1486,28.6338,28.6338,person_and_bike_074.png,416,416
adversarial patchs,123.8885,144.9352,26.2653,26.2653,person_and_bike_152.png,416,416
adversarial patchs,94.6257,135.378,10.2945,10.2945,person_and_bike_152.png,416,416
adversarial patchs,166.0871,179.7611,30.1166,30.1166,person_and_bike_152.png,416,416
adversarial patchs,192.3362,210.9803,74.7027,74.7027,person_033.png,416,416
adversarial patchs,291.1111,203.7703,32.4364,32.4364,crop001572.png,416,416
adversarial patchs,171.3312,172.3882,19.9548,19.9548,crop001572.png,416,416
adversarial patchs,382.8238,217.6101,36.7062,36.7062,crop001572.png,416,416
adversarial patchs,25.0095,194.206,32.5777,32.5777,crop001572.png,416,416
adversarial patchs,58.5966,166.3258,19.3664,19.3664,crop001572.png,416,416
adversarial patchs,192.3505,159.2915,13.3995,13.3995,crop001572.png,416,416
adversarial patchs,357.0187,190.1515,25.6717,25.6717,crop001572.png,416,416
adversarial patchs,268.9649,218.9242,54.8116,54.8116,person_219.png,416,416
adversarial patchs,216.1419,248.3247,43.1241,43.1241,person_219.png,416,416
adversarial patchs,87.2121,188.2813,27.8355,27.8355,person_219.png,416,416
adversarial patchs,153.1339,168.06,24.9902,24.9902,person_219.png,416,416
adversarial patchs,59.0416,178.5043,21.8189,21.8189,person_219.png,416,416
adversarial patchs,273.341,226.438,34.4916,34.4916,person_172.png,416,416
adversarial patchs,211.6163,228.043,35.0653,35.0653,person_172.png,416,416
adversarial patchs,172.5059,209.9432,25.467,25.467,person_172.png,416,416
adversarial patchs,47.2812,125.146,53.1581,53.1581,person_172.png,416,416
adversarial patchs,120.8312,216.4295,22.3744,22.3744,crop001678.png,416,416
adversarial patchs,197.3889,195.6568,29.5152,29.5152,crop001678.png,416,416
adversarial patchs,252.6996,214.313,26.9118,26.9118,crop001678.png,416,416
adversarial patchs,43.3466,203.1906,13.4043,13.4043,crop001110.png,416,416
adversarial patchs,180.6712,217.3569,24.4739,24.4739,crop001110.png,416,416
adversarial patchs,214.5847,218.6316,26.3774,26.3774,crop001110.png,416,416
adversarial patchs,12.3904,203.4937,13.6869,13.6869,crop001110.png,416,416
adversarial patchs,204.4149,184.6897,56.923,56.923,crop001252.png,416,416
adversarial patchs,384.042,186.7407,70.4847,70.4847,crop001252.png,416,416
adversarial patchs,226.4698,184.3644,28.102,28.102,crop001656.png,416,416
adversarial patchs,90.0557,171.6593,20.4346,20.4346,crop001656.png,416,416
adversarial patchs,390.9189,188.627,19.482,19.482,crop001656.png,416,416
adversarial patchs,187.5348,154.8477,60.9452,60.9452,person_and_bike_089.png,416,416
adversarial patchs,212.8982,194.829,67.1796,67.1796,crop001027.png,416,416
adversarial patchs,102.0578,286.2111,19.5203,19.5203,crop001027.png,416,416
adversarial patchs,316.6107,302.9503,30.3362,30.3362,crop001027.png,416,416
adversarial patchs,301.2008,208.4424,47.6415,47.6415,crop001596.png,416,416
adversarial patchs,104.9279,228.7994,56.2894,56.2894,crop001596.png,416,416
adversarial patchs,162.0873,227.0645,56.1658,56.1658,crop001596.png,416,416
adversarial patchs,75.5513,151.951,33.6308,33.6308,crop001596.png,416,416
adversarial patchs,18.9583,148.0453,21.1846,21.1846,crop001596.png,416,416
adversarial patchs,218.8597,137.0839,15.8658,15.8658,crop001596.png,416,416
adversarial patchs,206.1125,194.5428,49.5547,49.5547,crop001040.png,416,416
adversarial patchs,376.6376,316.1909,36.7805,36.7805,crop001040.png,416,416
adversarial patchs,298.949,26.7542,16.5153,16.5153,crop001040.png,416,416
adversarial patchs,207.4579,191.8448,35.3787,35.3787,crop001044.png,416,416
adversarial patchs,92.796,30.4592,16.2945,16.2945,crop001044.png,416,416
adversarial patchs,186.3574,192.5648,59.9462,59.9462,crop001099.png,416,416
adversarial patchs,82.7415,247.7601,38.43,38.43,crop001099.png,416,416
adversarial patchs,378.8531,163.9346,28.3074,28.3074,crop001099.png,416,416
adversarial patchs,31.7172,190.1055,42.1367,42.1367,crop001099.png,416,416
adversarial patchs,90.8177,147.1341,27.0376,27.0376,crop001099.png,416,416
adversarial patchs,118.1661,187.0947,69.8115,69.8115,person_245.png,416,416
adversarial patchs,185.6176,240.8423,45.7463,45.7463,person_245.png,416,416
adversarial patchs,254.1801,222.3349,52.4006,52.4006,person_245.png,416,416
adversarial patchs,244.291,213.0123,37.4641,37.4641,person_166.png,416,416
adversarial patchs,189.3441,212.9402,39.4396,39.4396,person_166.png,416,416
adversarial patchs,21.7341,343.0391,25.6702,25.6702,crop001505.png,416,416
adversarial patchs,338.3337,189.9227,25.022,25.022,crop001505.png,416,416
adversarial patchs,260.2704,206.8973,48.7254,48.7254,crop001505.png,416,416
adversarial patchs,29.9746,208.1462,36.0162,36.0162,crop001505.png,416,416
adversarial patchs,149.39,221.3376,36.6094,36.6094,crop001505.png,416,416
adversarial patchs,200.9042,202.9339,63.2185,63.2185,crop001213.png,416,416
adversarial patchs,32.6626,140.052,24.7899,24.7899,crop001213.png,416,416
adversarial patchs,367.5535,162.6855,39.1475,39.1475,crop001213.png,416,416
adversarial patchs,237.3065,182.297,40.9751,40.9751,person_and_bike_151.png,416,416
adversarial patchs,135.5269,165.8448,31.9059,31.9059,person_and_bike_151.png,416,416
adversarial patchs,16.2577,253.4864,53.4746,53.4746,person_and_bike_151.png,416,416
adversarial patchs,176.401,148.3612,20.2429,20.2429,person_and_bike_151.png,416,416
adversarial patchs,219.7126,166.1812,70.0452,70.0452,person_and_bike_063.png,416,416
adversarial patchs,209.0629,188.1878,80.2307,80.2307,person_026.png,416,416
adversarial patchs,155.8842,190.878,47.1932,47.1932,crop001545.png,416,416
adversarial patchs,121.3546,273.4321,27.7006,27.7006,crop001557.png,416,416
adversarial patchs,26.9368,299.8028,18.3315,18.3315,crop001557.png,416,416
adversarial patchs,60.1763,271.412,26.2459,26.2459,crop001557.png,416,416
adversarial patchs,83.7597,271.883,26.7347,26.7347,crop001557.png,416,416
adversarial patchs,208.4122,192.9637,26.9678,26.9678,crop001557.png,416,416
adversarial patchs,157.5629,196.4757,19.8147,19.8147,crop001557.png,416,416
adversarial patchs,212.2703,204.6421,39.6753,39.6753,crop001574.png,416,416
adversarial patchs,16.7601,231.3846,33.884,33.884,crop001574.png,416,416
adversarial patchs,139.3196,152.0562,30.2752,30.2752,crop001046.png,416,416
adversarial patchs,401.5631,41.7474,15.9214,15.9214,crop001046.png,416,416
adversarial patchs,363.9298,38.3307,16.9811,16.9811,crop001046.png,416,416
adversarial patchs,197.0198,197.0712,40.1174,40.1174,crop001046.png,416,416
adversarial patchs,119.6513,39.4539,12.2033,12.2033,crop001046.png,416,416
adversarial patchs,328.8384,43.4446,16.6418,16.6418,crop001046.png,416,416
adversarial patchs,102.1394,43.5426,11.0449,11.0449,crop001046.png,416,416
adversarial patchs,190.7906,183.0738,51.4664,51.4664,crop001685.png,416,416
adversarial patchs,199.8726,226.641,59.5794,59.5794,crop001020.png,416,416
adversarial patchs,246.9877,212.9999,53.3666,53.3666,person_087.png,416,416
adversarial patchs,206.0229,200.4868,44.2199,44.2199,person_087.png,416,416
adversarial patchs,211.5083,183.9999,61.3863,61.3863,crop001247.png,416,416
adversarial patchs,71.5554,177.4185,50.4693,50.4693,crop001247.png,416,416
adversarial patchs,173.1866,156.6544,32.7806,32.7806,crop001247.png,416,416
adversarial patchs,49.2931,227.4817,21.2007,21.2007,crop001103.png,416,416
adversarial patchs,208.838,187.0804,31.6741,31.6741,crop001103.png,416,416
adversarial patchs,123.7895,239.5071,16.9094,16.9094,crop001103.png,416,416
adversarial patchs,204.4158,190.2674,45.1481,45.1481,person_and_bike_135.png,416,416
adversarial patchs,278.2008,216.8493,36.5789,36.5789,person_and_bike_135.png,416,416
adversarial patchs,160.7437,195.1546,44.8601,44.8601,person_and_bike_135.png,416,416
adversarial patchs,322.0529,143.2778,19.4017,19.4017,person_and_bike_135.png,416,416
adversarial patchs,296.9193,128.9281,10.1489,10.1489,person_and_bike_135.png,416,416
adversarial patchs,261.6973,140.7747,14.2487,14.2487,person_and_bike_135.png,416,416
adversarial patchs,68.0516,192.7582,29.3758,29.3758,crop001649.png,416,416
adversarial patchs,240.0142,212.9131,39.4635,39.4635,crop001649.png,416,416
adversarial patchs,137.345,173.3142,25.981,25.981,crop001649.png,416,416
adversarial patchs,163.5906,150.9415,15.0935,15.0935,crop001649.png,416,416
adversarial patchs,149.0068,126.7258,6.9801,6.9801,crop001649.png,416,416
adversarial patchs,190.4689,134.8833,9.3551,9.3551,crop001649.png,416,416
adversarial patchs,196.1859,201.1119,32.6528,32.6528,crop001122.png,416,416
adversarial patchs,247.0877,201.7165,34.0828,34.0828,crop001122.png,416,416
adversarial patchs,202.0814,190.6344,38.9808,38.9808,crop001700.png,416,416
adversarial patchs,129.6178,202.3063,39.5523,39.5523,crop001700.png,416,416
adversarial patchs,58.5894,210.2498,72.477,72.477,crop001700.png,416,416
adversarial patchs,226.4623,215.9592,33.7706,33.7706,crop001612.png,416,416
adversarial patchs,292.9435,203.7274,25.672,25.672,crop001612.png,416,416
adversarial patchs,169.1526,211.8103,35.1761,35.1761,crop001612.png,416,416
adversarial patchs,37.0873,219.8347,31.7433,31.7433,crop001612.png,416,416
adversarial patchs,69.7442,171.9221,8.1535,8.1535,crop001612.png,416,416
adversarial patchs,201.2914,170.5748,69.8963,69.8963,person_and_bike_162.png,416,416
adversarial patchs,225.9359,171.7171,67.291,67.291,person_and_bike_061.png,416,416
adversarial patchs,104.0759,267.1136,51.9741,51.9741,person_and_bike_013.png,416,416
adversarial patchs,377.3874,241.6977,58.4717,58.4717,person_and_bike_013.png,416,416
adversarial patchs,207.8311,176.4375,30.7924,30.7924,person_and_bike_013.png,416,416
adversarial patchs,20.4249,201.1077,43.2182,43.2182,person_and_bike_013.png,416,416
adversarial patchs,44.0346,200.5393,42.1385,42.1385,person_and_bike_013.png,416,416
adversarial patchs,115.1137,237.5763,37.0318,37.0318,person_199.png,416,416
adversarial patchs,358.9054,196.4701,20.6291,20.6291,person_199.png,416,416
adversarial patchs,160.4315,226.5077,36.5927,36.5927,person_199.png,416,416
adversarial patchs,204.1951,227.6403,39.2281,39.2281,person_199.png,416,416
adversarial patchs,273.9612,218.8533,28.4504,28.4504,person_199.png,416,416
adversarial patchs,242.6989,227.4046,37.1024,37.1024,person_199.png,416,416
adversarial patchs,312.9799,197.5806,18.0889,18.0889,person_199.png,416,416
adversarial patchs,345.1966,229.1741,39.2034,39.2034,person_265.png,416,416
adversarial patchs,79.4437,175.137,56.7422,56.7422,person_265.png,416,416
adversarial patchs,218.8063,237.0137,35.6353,35.6353,person_265.png,416,416
adversarial patchs,280.6531,224.2166,40.568,40.568,person_265.png,416,416
adversarial patchs,388.6714,200.1346,22.2493,22.2493,person_and_bike_026.png,416,416
adversarial patchs,238.7936,204.3465,31.2619,31.2619,person_and_bike_026.png,416,416
adversarial patchs,245.8947,216.3176,30.5463,30.5463,person_194.png,416,416
adversarial patchs,279.4948,214.0,28.1929,28.1929,person_194.png,416,416
adversarial patchs,189.4341,226.9307,30.2412,30.2412,person_194.png,416,416
adversarial patchs,215.3905,227.0642,27.8943,27.8943,person_194.png,416,416
adversarial patchs,73.6191,190.1998,5.9519,5.9519,person_194.png,416,416
adversarial patchs,262.3982,171.131,7.7331,7.7331,person_194.png,416,416
adversarial patchs,206.6028,171.5761,10.4215,10.4215,person_194.png,416,416
adversarial patchs,212.7509,228.2995,62.8555,62.8555,crop001579.png,416,416
adversarial patchs,133.4465,188.9479,11.9496,11.9496,crop001579.png,416,416
adversarial patchs,184.9952,218.8597,67.3914,67.3914,person_229.png,416,416
adversarial patchs,31.2201,211.3136,62.1486,62.1486,person_229.png,416,416
adversarial patchs,268.0579,213.3039,68.3869,68.3869,person_229.png,416,416
adversarial patchs,333.0548,104.7139,11.3872,11.3872,person_229.png,416,416
adversarial patchs,303.1214,117.2285,21.2375,21.2375,person_229.png,416,416
adversarial patchs,223.7698,134.8947,25.9705,25.9705,person_229.png,416,416
adversarial patchs,168.3431,106.605,13.1883,13.1883,person_229.png,416,416
adversarial patchs,204.9734,135.3138,59.0727,59.0727,person_and_bike_053.png,416,416
adversarial patchs,194.176,170.7994,64.7352,64.7352,person_and_bike_057.png,416,416
adversarial patchs,242.9507,180.3201,19.7709,19.7709,person_358.png,416,416
adversarial patchs,44.5225,216.8943,67.9941,67.9941,crop001051.png,416,416
adversarial patchs,169.1059,175.7424,35.2584,35.2584,crop001051.png,416,416
adversarial patchs,270.0836,229.0156,63.4608,63.4608,crop001051.png,416,416
adversarial patchs,334.0196,212.4259,75.3656,75.3656,crop001051.png,416,416
adversarial patchs,339.1502,134.6808,9.1354,9.1354,crop001051.png,416,416
adversarial patchs,228.0958,204.3499,33.7184,33.7184,crop001051.png,416,416
adversarial patchs,266.3167,203.765,44.7958,44.7958,crop001594.png,416,416
adversarial patchs,66.4666,159.1335,21.6252,21.6252,crop001594.png,416,416
adversarial patchs,357.3239,207.7663,29.2555,29.2555,crop001594.png,416,416
adversarial patchs,24.2379,161.2509,19.4369,19.4369,crop001594.png,416,416
adversarial patchs,190.3737,203.496,37.2963,37.2963,crop001594.png,416,416
adversarial patchs,143.4942,200.0847,39.4179,39.4179,crop001594.png,416,416
adversarial patchs,329.9831,186.3104,31.415,31.415,crop001594.png,416,416
adversarial patchs,300.008,201.1783,74.3958,74.3958,person_112.png,416,416
adversarial patchs,209.4115,203.0687,60.9032,60.9032,person_112.png,416,416
adversarial patchs,126.6703,149.796,38.7825,38.7825,person_112.png,416,416
adversarial patchs,69.066,196.4923,70.8072,70.8072,person_112.png,416,416
adversarial patchs,325.6019,216.2283,24.6046,24.6046,person_315.png,416,416
adversarial patchs,357.2186,212.0957,26.9454,26.9454,person_315.png,416,416
adversarial patchs,371.8764,274.2792,50.0663,50.0663,person_315.png,416,416
adversarial patchs,240.3966,242.7882,35.143,35.143,person_315.png,416,416
adversarial patchs,250.7997,95.1849,28.4372,28.4372,person_124.png,416,416
adversarial patchs,121.593,294.8856,55.1761,55.1761,person_124.png,416,416
adversarial patchs,229.2239,197.5912,22.3257,22.3257,crop001049.png,416,416
adversarial patchs,184.9764,193.1819,22.3828,22.3828,crop001049.png,416,416
adversarial patchs,240.3915,98.6236,12.6508,12.6508,crop001049.png,416,416
adversarial patchs,30.3687,348.2054,25.5093,25.5093,crop001049.png,416,416
adversarial patchs,154.9774,197.1464,23.3164,23.3164,crop001049.png,416,416
adversarial patchs,244.8799,216.5497,49.3894,49.3894,person_038.png,416,416
adversarial patchs,212.3491,105.3759,7.3156,7.3156,person_038.png,416,416
adversarial patchs,375.4886,93.7776,6.8248,6.8248,person_038.png,416,416
adversarial patchs,355.6259,94.0134,6.2203,6.2203,person_038.png,416,416
adversarial patchs,203.3979,230.7942,68.4559,68.4559,crop001017.png,416,416
adversarial patchs,375.5385,250.8473,57.2334,57.2334,crop001703.png,416,416
adversarial patchs,47.0333,230.3159,53.9074,53.9074,crop001703.png,416,416
adversarial patchs,257.7365,206.2327,43.4874,43.4874,crop001703.png,416,416
adversarial patchs,163.4375,208.034,41.9762,41.9762,crop001703.png,416,416
adversarial patchs,108.7619,205.8247,35.556,35.556,crop001703.png,416,416
adversarial patchs,401.9079,138.4254,7.9005,7.9005,crop001703.png,416,416
adversarial patchs,81.8819,199.9099,38.4925,38.4925,crop001703.png,416,416
adversarial patchs,147.9528,219.5054,86.429,86.429,crop001111.png,416,416
adversarial patchs,200.8149,198.3527,28.3927,28.3927,crop001111.png,416,416
adversarial patchs,166.9417,174.9413,61.9769,61.9769,person_and_bike_006.png,416,416
adversarial patchs,72.1256,70.7906,11.6972,11.6972,person_and_bike_006.png,416,416
adversarial patchs,367.1407,187.9572,78.4364,78.4364,person_283.png,416,416
adversarial patchs,237.6581,234.3651,63.2831,63.2831,person_283.png,416,416
adversarial patchs,269.1078,127.6489,14.0065,14.0065,person_283.png,416,416
adversarial patchs,362.6065,112.7572,8.7351,8.7351,person_283.png,416,416
adversarial patchs,284.1598,116.8808,7.2488,7.2488,person_283.png,416,416
adversarial patchs,204.2429,262.1389,34.216,34.216,person_187.png,416,416
adversarial patchs,343.2607,251.6923,32.9677,32.9677,person_187.png,416,416
adversarial patchs,239.8135,272.1253,33.7318,33.7318,person_187.png,416,416
adversarial patchs,279.1083,285.5807,30.5321,30.5321,person_187.png,416,416
adversarial patchs,139.836,203.4426,17.7513,17.7513,person_187.png,416,416
adversarial patchs,363.8663,251.0623,31.2045,31.2045,person_187.png,416,416
adversarial patchs,162.6389,210.8379,17.5955,17.5955,person_187.png,416,416
adversarial patchs,159.5372,218.9347,35.5656,35.5656,person_061.png,416,416
adversarial patchs,210.9645,201.8596,59.5266,59.5266,person_161.png,416,416
adversarial patchs,255.7617,148.8075,24.7087,24.7087,person_161.png,416,416
adversarial patchs,221.6868,203.976,56.4247,56.4247,person_010.png,416,416
adversarial patchs,54.0476,177.147,13.8276,13.8276,person_010.png,416,416
adversarial patchs,234.9852,204.6277,46.2386,46.2386,person_136.png,416,416
adversarial patchs,175.1504,217.4497,43.2411,43.2411,person_136.png,416,416
adversarial patchs,264.4167,204.0041,57.4426,57.4426,person_176.png,416,416
adversarial patchs,193.1991,213.599,52.3915,52.3915,person_176.png,416,416
adversarial patchs,60.4275,164.8567,21.7854,21.7854,person_176.png,416,416
adversarial patchs,149.803,172.1411,27.6377,27.6377,person_176.png,416,416
adversarial patchs,26.5685,162.0592,21.6652,21.6652,person_176.png,416,416
adversarial patchs,118.0463,158.0013,13.7446,13.7446,person_176.png,416,416
adversarial patchs,195.9549,223.2724,53.6755,53.6755,crop001140.png,416,416
adversarial patchs,378.2731,226.7094,64.8348,64.8348,crop001140.png,416,416
adversarial patchs,30.2628,129.5741,15.4795,15.4795,crop001140.png,416,416
adversarial patchs,99.6252,125.2637,34.7383,34.7383,crop001140.png,416,416
adversarial patchs,96.5123,240.9361,69.9178,69.9178,crop001140.png,416,416
adversarial patchs,302.1845,234.351,56.2812,56.2812,crop001140.png,416,416
adversarial patchs,225.9365,194.8019,40.5049,40.5049,crop001061.png,416,416
adversarial patchs,330.0393,186.0762,12.4163,12.4163,crop001061.png,416,416
adversarial patchs,44.9239,306.1858,21.6794,21.6794,crop001061.png,416,416
adversarial patchs,358.5063,248.2601,28.0761,28.0761,crop001842.png,416,416
adversarial patchs,238.2623,240.3956,21.6796,21.6796,crop001842.png,416,416
adversarial patchs,183.9084,200.4425,27.1683,27.1683,crop001842.png,416,416
adversarial patchs,273.6621,239.4256,24.6127,24.6127,crop001842.png,416,416
adversarial patchs,304.8141,248.7243,24.3327,24.3327,crop001842.png,416,416
adversarial patchs,399.2154,282.2579,19.1988,19.1988,crop001842.png,416,416
adversarial patchs,329.4715,254.8458,24.7794,24.7794,crop001842.png,416,416
adversarial patchs,210.9295,218.9557,23.5405,23.5405,crop001842.png,416,416
adversarial patchs,149.4354,202.0812,21.7191,21.7191,crop001842.png,416,416
adversarial patchs,58.0407,182.3539,15.5156,15.5156,crop001842.png,416,416
adversarial patchs,124.9194,202.2441,19.7772,19.7772,crop001842.png,416,416
adversarial patchs,116.9995,192.649,39.4549,39.4549,crop001618.png,416,416
adversarial patchs,347.0745,180.4075,29.1251,29.1251,crop001618.png,416,416
adversarial patchs,286.7711,185.9293,28.7633,28.7633,crop001618.png,416,416
adversarial patchs,252.9712,184.0732,50.5241,50.5241,person_and_bike_166.png,416,416
adversarial patchs,263.6572,109.5195,15.7866,15.7866,person_and_bike_166.png,416,416
adversarial patchs,326.4783,94.0169,7.296,7.296,person_and_bike_166.png,416,416
adversarial patchs,133.5547,102.4041,11.9671,11.9671,person_and_bike_166.png,416,416
adversarial patchs,336.221,96.4104,6.4757,6.4757,person_and_bike_166.png,416,416
adversarial patchs,26.9209,118.7553,5.3825,5.3825,person_and_bike_166.png,416,416
adversarial patchs,13.6468,101.258,6.0495,6.0495,person_and_bike_166.png,416,416
adversarial patchs,157.3123,93.5693,7.512,7.512,person_and_bike_166.png,416,416
adversarial patchs,62.3934,196.1044,45.4375,45.4375,person_139.png,416,416
adversarial patchs,296.2645,185.4454,40.5388,40.5388,person_139.png,416,416
adversarial patchs,194.1196,211.5574,54.2273,54.2273,person_139.png,416,416
adversarial patchs,340.6689,189.2436,39.8218,39.8218,person_139.png,416,416
adversarial patchs,135.0508,228.2385,51.8445,51.8445,person_139.png,416,416
adversarial patchs,95.7103,158.2856,26.5361,26.5361,person_139.png,416,416
adversarial patchs,242.4446,172.5232,28.1704,28.1704,person_139.png,416,416
adversarial patchs,230.5159,159.4089,59.9533,59.9533,person_and_bike_086.png,416,416
adversarial patchs,214.5815,177.9117,50.4003,50.4003,crop001147.png,416,416
adversarial patchs,148.0902,118.4111,19.0064,19.0064,crop001147.png,416,416
adversarial patchs,85.7028,124.9366,16.4222,16.4222,crop001147.png,416,416
adversarial patchs,262.759,125.0259,18.9558,18.9558,crop001147.png,416,416
adversarial patchs,388.7522,119.6788,22.211,22.211,crop001147.png,416,416
adversarial patchs,24.2601,115.5926,20.6743,20.6743,crop001147.png,416,416
adversarial patchs,179.4637,149.8613,62.1274,62.1274,person_and_bike_109.png,416,416
adversarial patchs,217.288,177.6138,44.3742,44.3742,crop001231.png,416,416
adversarial patchs,406.4984,203.1327,14.7732,14.7732,crop001231.png,416,416
adversarial patchs,191.6031,232.7056,69.3517,69.3517,crop001060.png,416,416
adversarial patchs,381.8264,264.9881,46.7512,46.7512,crop001060.png,416,416
adversarial patchs,127.8494,174.0498,63.7934,63.7934,person_and_bike_090.png,416,416
adversarial patchs,184.9291,188.1118,40.2714,40.2714,crop001205.png,416,416
adversarial patchs,241.4543,193.2273,35.0999,35.0999,crop001205.png,416,416
adversarial patchs,203.7598,185.9028,68.9349,68.9349,person_and_bike_117.png,416,416
adversarial patchs,155.3653,96.799,11.7752,11.7752,person_and_bike_117.png,416,416
adversarial patchs,100.8987,101.8694,13.974,13.974,person_and_bike_117.png,416,416
adversarial patchs,266.5498,119.6612,23.1362,23.1362,person_and_bike_117.png,416,416
adversarial patchs,318.4748,100.0007,11.5402,11.5402,person_and_bike_117.png,416,416
adversarial patchs,60.7928,106.6839,10.4243,10.4243,person_and_bike_117.png,416,416
adversarial patchs,40.1973,92.0863,7.5538,7.5538,person_and_bike_117.png,416,416
adversarial patchs,211.9792,193.666,41.742,41.742,crop001025.png,416,416
adversarial patchs,242.2909,234.6097,34.8855,34.8855,crop001676.png,416,416
adversarial patchs,114.8747,243.0154,32.3492,32.3492,crop001676.png,416,416
adversarial patchs,360.2916,258.0279,26.5547,26.5547,crop001676.png,416,416
adversarial patchs,300.8726,247.359,30.0416,30.0416,crop001676.png,416,416
adversarial patchs,99.3345,146.6906,31.0371,31.0371,crop001676.png,416,416
adversarial patchs,330.9041,280.0347,18.7023,18.7023,crop001676.png,416,416
adversarial patchs,173.3617,233.0464,29.5394,29.5394,crop001676.png,416,416
adversarial patchs,236.0616,220.8044,37.4665,37.4665,person_195.png,416,416
adversarial patchs,133.591,192.7425,18.4085,18.4085,person_195.png,416,416
adversarial patchs,55.566,217.957,31.7931,31.7931,person_195.png,416,416
adversarial patchs,191.5113,225.4304,35.7659,35.7659,person_195.png,416,416
adversarial patchs,93.2997,191.8414,19.9108,19.9108,person_195.png,416,416
adversarial patchs,38.0289,216.9086,31.3991,31.3991,person_195.png,416,416
adversarial patchs,160.1729,189.9615,18.7444,18.7444,person_195.png,416,416
adversarial patchs,313.36,173.4753,10.3461,10.3461,person_195.png,416,416
adversarial patchs,359.122,195.0378,20.3423,20.3423,person_195.png,416,416
adversarial patchs,394.1281,199.6436,26.1297,26.1297,person_195.png,416,416
adversarial patchs,44.9821,259.2915,55.181,55.181,crop001074.png,416,416
adversarial patchs,162.6425,204.0212,33.5012,33.5012,crop001074.png,416,416
adversarial patchs,127.579,195.1865,32.1145,32.1145,crop001074.png,416,416
adversarial patchs,234.4806,258.1334,21.2546,21.2546,crop001074.png,416,416
adversarial patchs,299.2524,219.3965,34.3183,34.3183,crop001074.png,416,416
adversarial patchs,196.7064,241.0488,29.5829,29.5829,crop001074.png,416,416
adversarial patchs,80.7596,176.8451,22.2079,22.2079,crop001074.png,416,416
adversarial patchs,272.0299,207.2143,35.3271,35.3271,crop001074.png,416,416
adversarial patchs,403.4515,199.9232,36.5835,36.5835,crop001074.png,416,416
adversarial patchs,114.1362,180.5494,63.8236,63.8236,crop001652.png,416,416
adversarial patchs,370.6112,131.7783,25.5203,25.5203,crop001652.png,416,416
adversarial patchs,245.7336,271.2878,45.9044,45.9044,crop001610.png,416,416
adversarial patchs,146.3342,208.9917,39.429,39.429,crop001531.png,416,416
adversarial patchs,31.4914,184.5677,23.3246,23.3246,crop001531.png,416,416
adversarial patchs,131.1131,225.6969,56.5248,56.5248,person_306.png,416,416
adversarial patchs,198.8753,220.4358,50.9393,50.9393,person_306.png,416,416
adversarial patchs,285.3943,177.2807,16.1051,16.1051,person_306.png,416,416
adversarial patchs,398.9838,207.805,40.564,40.564,person_306.png,416,416
adversarial patchs,106.5846,155.8167,19.3127,19.3127,person_306.png,416,416
adversarial patchs,156.1048,139.4357,12.6732,12.6732,person_306.png,416,416
adversarial patchs,256.0568,177.6796,57.7091,57.7091,person_127.png,416,416
adversarial patchs,188.6959,198.2258,50.7392,50.7392,person_127.png,416,416
adversarial patchs,70.9653,102.923,13.4092,13.4092,person_127.png,416,416
adversarial patchs,91.8118,104.8098,14.27,14.27,person_127.png,416,416
adversarial patchs,9.4762,96.8408,11.2304,11.2304,person_127.png,416,416
adversarial patchs,107.7349,103.9188,12.7001,12.7001,person_127.png,416,416
adversarial patchs,228.2748,218.167,71.3577,71.3577,crop001035.png,416,416
adversarial patchs,17.6612,236.955,23.9564,23.9564,person_378.png,416,416
adversarial patchs,132.0115,235.0021,18.1851,18.1851,person_378.png,416,416
adversarial patchs,241.7008,240.3068,17.8514,17.8514,person_378.png,416,416
adversarial patchs,349.4548,226.5898,17.8329,17.8329,person_378.png,416,416
adversarial patchs,63.7165,243.26,22.929,22.929,person_378.png,416,416
adversarial patchs,308.4356,234.7891,15.5056,15.5056,person_378.png,416,416
adversarial patchs,88.4155,239.9002,22.9882,22.9882,person_378.png,416,416
adversarial patchs,330.5802,230.6115,17.2549,17.2549,person_378.png,416,416
adversarial patchs,200.6842,238.7825,19.351,19.351,person_378.png,416,416
adversarial patchs,310.1576,197.8539,7.7941,7.7941,person_378.png,416,416
adversarial patchs,289.7881,219.8314,10.8411,10.8411,person_378.png,416,416
adversarial patchs,208.9543,187.2141,81.4545,81.4545,person_032.png,416,416
adversarial patchs,220.8669,204.6094,62.4451,62.4451,person_117.png,416,416
adversarial patchs,99.8718,146.375,20.6227,20.6227,person_117.png,416,416
adversarial patchs,21.4532,114.2605,10.2667,10.2667,person_117.png,416,416
adversarial patchs,161.642,197.7745,44.2019,44.2019,person_085.png,416,416
adversarial patchs,267.5414,202.2162,61.3074,61.3074,person_085.png,416,416
adversarial patchs,131.3092,118.8445,14.5219,14.5219,person_085.png,416,416
adversarial patchs,294.9149,183.3668,20.4384,20.4384,person_321.png,416,416
adversarial patchs,261.1548,185.8343,19.3023,19.3023,person_321.png,416,416
adversarial patchs,229.0555,206.1102,32.4365,32.4365,crop001636.png,416,416
adversarial patchs,341.6529,250.2916,61.8227,61.8227,crop001636.png,416,416
adversarial patchs,271.3895,206.2634,32.523,32.523,crop001636.png,416,416
adversarial patchs,43.7827,266.958,52.5014,52.5014,crop001636.png,416,416
adversarial patchs,163.6541,217.7392,35.8495,35.8495,crop001636.png,416,416
adversarial patchs,197.0897,199.0762,29.4034,29.4034,crop001636.png,416,416
adversarial patchs,165.6975,218.7082,43.1069,43.1069,person_170.png,416,416
adversarial patchs,302.5978,210.6616,39.4408,39.4408,person_170.png,416,416
adversarial patchs,211.354,180.4805,22.5247,22.5247,person_170.png,416,416
adversarial patchs,178.1539,147.703,58.0796,58.0796,person_and_bike_096.png,416,416
adversarial patchs,219.0094,220.2068,63.8153,63.8153,crop001033.png,416,416
adversarial patchs,220.2961,123.5952,64.3094,64.3094,person_and_bike_110.png,416,416
adversarial patchs,198.5563,175.3201,27.9733,27.9733,crop001819.png,416,416
adversarial patchs,350.6848,310.4797,43.4805,43.4805,crop001138.png,416,416
adversarial patchs,268.0763,235.2289,55.2159,55.2159,crop001138.png,416,416
adversarial patchs,198.8495,228.0762,53.2067,53.2067,crop001138.png,416,416
adversarial patchs,77.9766,206.8204,46.7296,46.7296,crop001138.png,416,416
adversarial patchs,333.5518,211.4461,33.7127,33.7127,crop001138.png,416,416
adversarial patchs,155.2197,206.5406,40.3706,40.3706,crop001138.png,416,416
adversarial patchs,25.1497,214.3321,34.1042,34.1042,crop001138.png,416,416
adversarial patchs,337.124,346.0589,26.0183,26.0183,crop001045.png,416,416
adversarial patchs,203.4984,189.6956,23.5275,23.5275,crop001045.png,416,416
adversarial patchs,174.0292,241.7109,41.9711,41.9711,person_342.png,416,416
adversarial patchs,88.0956,136.7838,26.9131,26.9131,person_342.png,416,416
adversarial patchs,27.2572,245.5412,46.3289,46.3289,person_and_bike_137.png,416,416
adversarial patchs,191.8004,226.4128,47.8434,47.8434,person_and_bike_137.png,416,416
adversarial patchs,246.2976,213.8114,51.311,51.311,person_and_bike_137.png,416,416
adversarial patchs,107.3712,178.5776,21.1787,21.1787,person_and_bike_137.png,416,416
adversarial patchs,382.9824,176.2914,24.2868,24.2868,person_and_bike_137.png,416,416
adversarial patchs,87.6555,176.2942,20.0336,20.0336,person_and_bike_137.png,416,416
adversarial patchs,326.1817,207.6038,49.1386,49.1386,person_and_bike_125.png,416,416
adversarial patchs,152.2744,183.3965,36.8828,36.8828,person_and_bike_125.png,416,416
adversarial patchs,233.8872,170.31,25.0251,25.0251,person_and_bike_125.png,416,416
adversarial patchs,63.1831,163.5345,21.0933,21.0933,person_and_bike_125.png,416,416
adversarial patchs,295.3294,151.4468,16.3484,16.3484,person_and_bike_125.png,416,416
adversarial patchs,193.757,241.6064,61.4625,61.4625,person_221.png,416,416
adversarial patchs,237.6552,201.7693,38.4726,38.4726,person_221.png,416,416
adversarial patchs,213.5493,189.2332,46.9902,46.9902,person_089.png,416,416
adversarial patchs,157.0014,131.6717,7.347,7.347,person_089.png,416,416
adversarial patchs,210.5975,186.0862,55.2269,55.2269,crop001037.png,416,416
adversarial patchs,200.7541,170.4944,89.4253,89.4253,person_and_bike_004.png,416,416
adversarial patchs,32.4163,183.6093,37.2698,37.2698,crop001699.png,416,416
adversarial patchs,178.618,182.2618,51.642,51.642,crop001699.png,416,416
adversarial patchs,244.2521,170.0803,24.1381,24.1381,crop001699.png,416,416
adversarial patchs,307.3388,162.4167,21.9867,21.9867,crop001699.png,416,416
adversarial patchs,141.4183,187.6547,54.5154,54.5154,crop001837.png,416,416
adversarial patchs,70.9364,116.1017,14.4295,14.4295,crop001837.png,416,416
adversarial patchs,120.2077,117.2263,13.4524,13.4524,crop001837.png,416,416
adversarial patchs,365.8449,151.1884,12.5209,12.5209,crop001837.png,416,416
adversarial patchs,87.463,178.1105,10.5469,10.5469,crop001837.png,416,416
adversarial patchs,217.3216,153.2442,44.8136,44.8136,crop001837.png,416,416
adversarial patchs,266.2397,144.6242,36.9504,36.9504,crop001837.png,416,416
adversarial patchs,322.4954,110.8945,11.7661,11.7661,crop001837.png,416,416
adversarial patchs,242.2378,208.4916,27.1525,27.1525,person_and_bike_130.png,416,416
adversarial patchs,200.4912,212.0407,25.1936,25.1936,person_and_bike_130.png,416,416
adversarial patchs,369.2786,191.5475,17.9008,17.9008,person_and_bike_130.png,416,416
adversarial patchs,215.4998,381.775,16.5077,16.5077,crop001564.png,416,416
adversarial patchs,110.5495,312.3695,36.6916,36.6916,crop001564.png,416,416
adversarial patchs,291.6238,218.7485,38.4816,38.4816,crop001564.png,416,416
adversarial patchs,229.3489,180.3712,24.7218,24.7218,crop001564.png,416,416
adversarial patchs,205.3886,263.1206,24.0061,24.0061,crop001564.png,416,416
adversarial patchs,150.5123,315.6664,35.1289,35.1289,crop001564.png,416,416
adversarial patchs,128.8709,172.259,36.8115,36.8115,crop001564.png,416,416
adversarial patchs,44.1786,312.5876,37.4567,37.4567,crop001564.png,416,416
adversarial patchs,304.2043,185.654,28.0933,28.0933,crop001657.png,416,416
adversarial patchs,233.0948,171.073,22.0695,22.0695,crop001657.png,416,416
adversarial patchs,373.9979,208.8772,41.1122,41.1122,crop001657.png,416,416
adversarial patchs,197.4498,193.6309,37.0965,37.0965,crop001657.png,416,416
adversarial patchs,90.8824,166.9347,28.0081,28.0081,crop001657.png,416,416
adversarial patchs,403.0257,206.0652,39.201,39.201,crop001657.png,416,416
adversarial patchs,138.2567,261.2125,26.6846,26.6846,crop001817.png,416,416
adversarial patchs,197.0776,192.2625,36.8667,36.8667,crop001817.png,416,416
adversarial patchs,305.8762,216.1394,32.6108,32.6108,crop001817.png,416,416
adversarial patchs,301.3245,215.2752,28.7495,28.7495,crop001622.png,416,416
adversarial patchs,253.6467,212.4514,30.1634,30.1634,crop001622.png,416,416
adversarial patchs,205.9452,171.4225,75.3409,75.3409,person_and_bike_083.png,416,416
adversarial patchs,196.86,168.8715,76.3768,76.3768,crop_000001.png,416,416
adversarial patchs,212.1191,210.8099,57.482,57.482,person_052.png,416,416
adversarial patchs,83.1892,129.9983,22.4686,22.4686,person_052.png,416,416
adversarial patchs,42.5286,213.0755,69.1169,69.1169,crop001207.png,416,416
adversarial patchs,217.7445,172.1779,39.7558,39.7558,crop001207.png,416,416
adversarial patchs,135.7118,178.1769,48.4099,48.4099,crop001235.png,416,416
adversarial patchs,189.8636,194.5091,63.1685,63.1685,crop001235.png,416,416
adversarial patchs,70.3027,246.6344,60.272,60.272,crop001530.png,416,416
adversarial patchs,121.7028,209.2031,42.1147,42.1147,crop001530.png,416,416
adversarial patchs,169.1362,187.7545,30.4375,30.4375,crop001530.png,416,416
adversarial patchs,240.0369,193.3242,30.8175,30.8175,crop001530.png,416,416
adversarial patchs,290.9675,185.0318,24.1571,24.1571,crop001530.png,416,416
adversarial patchs,214.5538,194.7784,28.5458,28.5458,crop001530.png,416,416
adversarial patchs,193.4038,184.1604,49.5308,49.5308,crop001272.png,416,416
adversarial patchs,170.0829,199.9592,56.9957,56.9957,person_286.png,416,416
adversarial patchs,256.1366,161.4481,25.197,25.197,person_286.png,416,416
adversarial patchs,391.2148,128.3989,8.9454,8.9454,person_286.png,416,416
adversarial patchs,215.0849,125.7013,6.599,6.599,person_286.png,416,416
adversarial patchs,312.729,126.3126,9.9621,9.9621,person_286.png,416,416
adversarial patchs,151.1085,204.5051,73.8749,73.8749,person_and_bike_177.png,416,416
adversarial patchs,207.265,128.0668,10.408,10.408,person_and_bike_177.png,416,416
adversarial patchs,252.5701,195.9537,47.0687,47.0687,person_and_bike_128.png,416,416
adversarial patchs,196.1235,250.301,32.4519,32.4519,person_and_bike_128.png,416,416
adversarial patchs,79.4774,233.4903,68.1829,68.1829,crop001624.png,416,416
adversarial patchs,175.3899,229.1852,42.6996,42.6996,crop001624.png,416,416
adversarial patchs,336.5839,245.8873,64.2311,64.2311,crop001624.png,416,416
adversarial patchs,221.1325,196.8771,28.8974,28.8974,crop001624.png,416,416
adversarial patchs,366.4687,178.9512,29.786,29.786,crop001624.png,416,416
adversarial patchs,273.5687,187.4319,28.0005,28.0005,crop001624.png,416,416
adversarial patchs,300.3271,208.7929,31.0344,31.0344,crop001624.png,416,416
adversarial patchs,279.23,228.6829,44.0546,44.0546,person_211.png,416,416
adversarial patchs,167.3393,87.6863,28.6746,28.6746,person_211.png,416,416
adversarial patchs,87.0581,261.4732,61.7383,61.7383,crop001220.png,416,416
adversarial patchs,281.1297,196.3554,46.0419,46.0419,crop001220.png,416,416
